Model,Accuracy,Precision,Recall,F1-Score
Logistic Regression,0.7777777777777778,0.6585365853658537,0.8181818181818182,0.7297297297297297
Support Vector Classifier,0.8444444444444444,0.7435897435897436,0.8787878787878788,0.8055555555555556
Decision Tree Classifier,0.8,0.7419354838709677,0.696969696969697,0.71875
KNN Classifier,0.8222222222222222,0.7741935483870968,0.7272727272727273,0.7500000000000001
Random Forest Classifier,0.8111111111111111,0.7352941176470589,0.7575757575757576,0.746268656716418
