Model,Accuracy,Precision,Recall,F1-Score
Logistic Regression,0.7888888888888889,0.7096774193548387,0.6875,0.6984126984126984
Support Vector Classifier,0.8222222222222222,0.7666666666666667,0.71875,0.7419354838709677
Decision Tree Classifier,0.8222222222222222,0.75,0.75,0.75
KNN Classifier,0.7666666666666667,0.6774193548387096,0.65625,0.6666666666666667
Random Forest Classifier,0.8222222222222222,0.75,0.75,0.75
